﻿<?xml version="1.0" encoding="utf-8"?>
<data-bus>
  <QINGQIUXX>
    <DIANZISQAJID>d9ea0e8a-d604-434b-ba8a-0790652ed04c</DIANZISQAJID>
    <SHENQINGFS>0</SHENQINGFS>
    <YEWULX>0</YEWULX>
    <WENJIANLX>0</WENJIANLX>
    <TIJIAORDM>
    </TIJIAORDM>
    <FAMINGMC>一种空调设备的定位系统和定位方法</FAMINGMC>
    <SHENQINGH>
    </SHENQINGH>
    <WEINEIBH>
    </WEINEIBH>
    <GUOJISQH>
    </GUOJISQH>
    <NEIBUBH>227811CN-QHX-I-Ⅲ</NEIBUBH>
    <BAOID>
    </BAOID>
  </QINGQIUXX>
  <WENJIANBYSXX>
    <BAOTOUXX>
      <WENJIANBBZ>
      </WENJIANBBZ>
      <WENJIANGS>8</WENJIANGS>
    </BAOTOUXX>
    <BAONEIWJXX>
      <WENJIANBZ>110101.xml</WENJIANBZ>
      <GESHILX>.XML</GESHILX>
      <BIAOGEDM>110101</BIAOGEDM>
      <XIANGDUILJ>110101\110101.xml</XIANGDUILJ>
      <DTDVersion>1.0</DTDVersion>
      <PAGES>4</PAGES>
      <COUNTS>0</COUNTS>
      <SHIFOUBZ>0</SHIFOUBZ>
      <WENJIANMC>发明专利请求书</WENJIANMC>
      <ZHENGMINGYT>
      </ZHENGMINGYT>
    </BAONEIWJXX>
    <BAONEIWJXX>
      <WENJIANBZ>100027.xml</WENJIANBZ>
      <GESHILX>.XML</GESHILX>
      <BIAOGEDM>100027</BIAOGEDM>
      <XIANGDUILJ>100027\100027.xml</XIANGDUILJ>
      <DTDVersion>1.0</DTDVersion>
      <PAGES>1</PAGES>
      <COUNTS>0</COUNTS>
      <SHIFOUBZ>1</SHIFOUBZ>
      <WENJIANMC>向外国申请专利保密审查请求书</WENJIANMC>
      <ZHENGMINGYT>
      </ZHENGMINGYT>
    </BAONEIWJXX>
    <BAONEIWJXX>
      <WENJIANBZ>110401.xml</WENJIANBZ>
      <GESHILX>.XML</GESHILX>
      <BIAOGEDM>110401</BIAOGEDM>
      <XIANGDUILJ>110401\110401.xml</XIANGDUILJ>
      <DTDVersion>1.0</DTDVersion>
      <PAGES>1</PAGES>
      <COUNTS>0</COUNTS>
      <SHIFOUBZ>1</SHIFOUBZ>
      <WENJIANMC>实质审查请求书</WENJIANMC>
      <ZHENGMINGYT>
      </ZHENGMINGYT>
    </BAONEIWJXX>
    <BAONEIWJXX>
      <WENJIANBZ>100004.pdf</WENJIANBZ>
      <GESHILX>.PDF</GESHILX>
      <BIAOGEDM>100004</BIAOGEDM>
      <XIANGDUILJ>100004\100004.pdf</XIANGDUILJ>
      <DTDVersion>1.0</DTDVersion>
      <PAGES>0</PAGES>
      <COUNTS>0</COUNTS>
      <SHIFOUBZ>0</SHIFOUBZ>
      <WENJIANMC>说明书摘要</WENJIANMC>
      <ZHENGMINGYT>
      </ZHENGMINGYT>
    </BAONEIWJXX>
    <BAONEIWJXX>
      <WENJIANBZ>100001.pdf</WENJIANBZ>
      <GESHILX>.PDF</GESHILX>
      <BIAOGEDM>100001</BIAOGEDM>
      <XIANGDUILJ>100001\100001.pdf</XIANGDUILJ>
      <DTDVersion>1.0</DTDVersion>
      <PAGES>0</PAGES>
      <COUNTS>0</COUNTS>
      <SHIFOUBZ>0</SHIFOUBZ>
      <WENJIANMC>权利要求书</WENJIANMC>
      <ZHENGMINGYT>
      </ZHENGMINGYT>
    </BAONEIWJXX>
    <BAONEIWJXX>
      <WENJIANBZ>100002.pdf</WENJIANBZ>
      <GESHILX>.PDF</GESHILX>
      <BIAOGEDM>100002</BIAOGEDM>
      <XIANGDUILJ>100002\100002.pdf</XIANGDUILJ>
      <DTDVersion>1.0</DTDVersion>
      <PAGES>0</PAGES>
      <COUNTS>0</COUNTS>
      <SHIFOUBZ>0</SHIFOUBZ>
      <WENJIANMC>说明书</WENJIANMC>
      <ZHENGMINGYT>
      </ZHENGMINGYT>
    </BAONEIWJXX>
    <BAONEIWJXX>
      <WENJIANBZ>100003.pdf</WENJIANBZ>
      <GESHILX>.PDF</GESHILX>
      <BIAOGEDM>100003</BIAOGEDM>
      <XIANGDUILJ>100003\100003.pdf</XIANGDUILJ>
      <DTDVersion>1.0</DTDVersion>
      <PAGES>0</PAGES>
      <COUNTS>0</COUNTS>
      <SHIFOUBZ>0</SHIFOUBZ>
      <WENJIANMC>说明书附图</WENJIANMC>
      <ZHENGMINGYT>
      </ZHENGMINGYT>
    </BAONEIWJXX>
    <BAONEIWJXX>
      <WENJIANBZ>100040.xml</WENJIANBZ>
      <GESHILX>.XML</GESHILX>
      <BIAOGEDM>100040</BIAOGEDM>
      <XIANGDUILJ>100040\100040.xml</XIANGDUILJ>
      <DTDVersion>1.0</DTDVersion>
      <PAGES>1</PAGES>
      <COUNTS>0</COUNTS>
      <SHIFOUBZ>1</SHIFOUBZ>
      <WENJIANMC>优先权文件数字接入服务(DAS)请求书</WENJIANMC>
      <ZHENGMINGYT>
      </ZHENGMINGYT>
    </BAONEIWJXX>
  </WENJIANBYSXX>
</data-bus>